{
    "learning_rate": 0.00018473158963239498,
    "hidden_size": 256,
    "num_layers": 2,
    "dropout_rate": 0.1330908870015384,
    "batch_size": 64
}