{
    "learning_rate": 0.0001342830844777039,
    "hidden_size": 256,
    "num_layers": 2,
    "dropout_rate": 0.20765803979841313,
    "batch_size": 16
}