{
    "learning_rate": 0.0002964552391022975,
    "hidden_size": 128,
    "num_layers": 2,
    "dropout_rate": 0.1276082590212991,
    "batch_size": 16
}