{
    "learning_rate": 0.00031124787722899985,
    "hidden_size": 256,
    "num_layers": 2,
    "dropout_rate": 0.18549506920883765,
    "batch_size": 32
}