{"post_mean_t_incub": 0.29008457773923874, "post_stdv_t_incub": 0.24398873993605374, "post_infectivity": 0.0857067893460393, "post_p_fatal": 0.07701109389066696, "post_mean_t_recovery": 2.4365202882051467}