{"post_mean_t_incub": 0.18563328722715378, "post_stdv_t_incub": 0.15194976807534694, "post_infectivity": 0.05288052382133901, "post_p_fatal": 0.04859585453271866, "post_mean_t_recovery": 1.6292027893066405}