{"post_mean_t_incub": 0.2908606202483177, "post_stdv_t_incub": 0.2445748708114028, "post_infectivity": 0.08587290634401143, "post_p_fatal": 0.07718928234577178, "post_mean_t_recovery": 2.4417707559347153}