{"mean_t_incub": 0.48407262563705444, "stdv_t_incub": 0.27188366651535034, "infectivity": 0.18484580516815186, "p_fatal": 0.022198785096406937, "mean_t_recovery": 2.0405261516571045}