{"mean_t_incub": 0.4902389943599701, "stdv_t_incub": 0.27193936705589294, "infectivity": 0.18474723398685455, "p_fatal": 0.022227194160223007, "mean_t_recovery": 2.047926425933838}