{
    "learning_rate": 0.00022680255014543871,
    "hidden_size": 256,
    "num_layers": 2,
    "dropout_rate": 0.2253697429322703,
    "batch_size": 16
}