{
    "learning_rate": 0.00012819046145604027,
    "hidden_size": 256,
    "num_layers": 2,
    "dropout_rate": 0.15639133683256579,
    "batch_size": 16
}